{
  "iteration": 189474,
  "params": {
    "attenuation_factor": 1.834567942668117,
    "max_depth": 17.36064458756262,
    "confidence_threshold": 0.11483099618680577
  },
  "fitness_fn": "ImpactAccuracy",
  "best_fitness": 0.8985667752442996,
  "best_stability": 1.0,
  "scale": 0.4,
  "plateau_count": 2,
  "widen_count": 2,
  "last_chain_hash": "405d708484b4497d"
}