{
  "iteration": 185960,
  "params": {
    "attenuation_factor": 0.7630864162174829,
    "max_depth": 11.56119951621111,
    "confidence_threshold": 0.6241888848908148
  },
  "fitness_fn": "ImpactAccuracy",
  "best_fitness": 0.8985667752442996,
  "best_stability": 1.0,
  "scale": 0.2,
  "plateau_count": 8,
  "widen_count": 1,
  "last_chain_hash": "76fe107baffdecc2"
}